<?xml version="1.0" encoding="utf-8"?>
<extension version="3.3" type="template" client="site">
        <name>Kara-center</name>
        <creationDate>24.06.2015</creationDate>
        <author>Ragnarok</author>
        <authorEmail>email</authorEmail>
        <authorUrl>url</authorUrl>
        <copyright>2015</copyright>
        <license>GNU/GPL</license>
        <version>1.0.0</version>
        <description>Профессиональный шаблон</description>
        <files>
                <filename>index.php</filename>
                <filename>index.html</filename>
                <filename>includePHP.php</filename>
                <filename>templateDetails.xml</filename>
                <folder>images</folder>
                <folder>css</folder>
                <folder>js</folder>
        </files>
        <positions>
                <position>logo</position>
                <position>menu</position>
                <position>nav</position>
                <position>user1_1</position>
                <position>user1_2</position>
                <position>user1_3</position>
                <position>user1_4</position>
                <position>user2_1</position>
                <position>user2_2</position>
                <position>user2_3</position>
                <position>user2_4</position>
                <position>user3_1</position>
                <position>user3_2</position>
                <position>user3_3</position>
                <position>user3_4</position>
                <position>user4_1</position>
                <position>user4_2</position>
                <position>user4_3</position>
                <position>user4_4</position>
                <position>user5_1</position>
                <position>user5_2</position>
                <position>user5_3</position>
                <position>user5_4</position>
                <position>user6_1</position>
                <position>user6_2</position>
                <position>user6_3</position>
                <position>user6_4</position>
                <position>footer1</position>
                <position>footer2</position>
                <position>footer3</position>
                <position>footer4</position>
        </positions>
</extension>